<!DOCTYPE html><html xmlns="http://www.w3.org/1999/xhtml">
   <head>
      <title>Organizations in Digital Mitford</title>
   </head>
   <body>
      <h1>Digital Mitford Lists of Organizations</h1>
      <ol>
         <li>Archives Holding Mitford's Papers
            <ul></ul>
         </li>
         <li>Historical Organizations
            <ul></ul>
         </li>
         <li>Fictional Organizations
            <ul></ul>
         </li>
         <li>Mythical / Archetypal Organizations
            <ul></ul>
         </li>
      </ol>
   </body>
</html>